name,age,grade
John Doe,18,A
Jane Smith,17,B
Michael Johnson,19,A
Emily Davis,16,C
David Wilson,18,B
Sophia Lee,17,A
Daniel Brown,18,B
Olivia Taylor,16,C
Ethan Anderson,17,B
Ava Martinez,16,C
Jacob Taylor,18,A
Mia Hernandez,17,B
Alexander Harris,18,A
Abigail Adams,16,C
William Clark,17,A
Charlotte Lewis,19,B
James Rodriguez,18,A
Sophia Carter,17,C
Benjamin Evans,19,B
Olivia Stewart,16,A
Daniel Morgan,18,C
Emily Turner,17,B
Matthew Thompson,19,A
Scarlett Baker,16,C
Logan Lewis,18,A
Chloe Walker,17,B
Samuel Gonzalez,19,A
Natalie Hill,16,C
Ryan Wright,18,B
Victoria Phillips,17,A
Joseph Adams,19,B
Elizabeth Davis,16,A
Joshua Garcia,18,C
Grace Young,17,A
Andrew Wilson,19,B
Avery Martinez,16,C
Daniel Jackson,18,A
Sofia Taylor,17,B
Christopher Thomas,19,A
Lily Robinson,16,C
Michael White,18,A
Ella Johnson,17,B
David Anderson,19,C
Victoria Scott,16,B
Tyler Hernandez,18,A
Emma Martinez,17,C
Jackson Garcia,19,B
Sophia Lee,16,A
Christopher Smith,18,B
Olivia Davis,19,A
Jacob Brown,16,C
Emily Wilson,17,A
